{"cameraMode":{"drawMode":0,"name":"Shaded","section":"Shading Mode"},"sceneLighting":true,"audioPlay":false,"sceneViewState":{"showFog":true,"showMaterialUpdate":false,"showSkybox":true,"showFlares":true,"showImageEffects":true,"showParticleSystems":true},"in2DMode":false,"pivot":{"x":1.0175325870513917,"y":5.997561931610107,"z":19.288415908813478},"rotation":{"x":0.16747316718101502,"y":0.8324662446975708,"z":-0.37897902727127077,"w":0.36786893010139468},"size":6.213484287261963,"orthographic":false}