{"cameraMode":{"drawMode":0,"name":"Shaded","section":"Shading Mode"},"sceneLighting":true,"audioPlay":false,"sceneViewState":{"showFog":true,"showMaterialUpdate":false,"showSkybox":true,"showFlares":true,"showImageEffects":true,"showParticleSystems":true},"in2DMode":false,"pivot":{"x":-29.15869140625,"y":154.05941772460938,"z":-98.2813720703125},"rotation":{"x":-0.013795817270874977,"y":-0.04438440129160881,"z":0.0006129184039309621,"w":-0.9989190697669983},"size":751.3998413085938,"orthographic":false}