{"cameraMode":{"drawMode":0,"name":"Shaded","section":"Shading Mode"},"sceneLighting":true,"audioPlay":false,"sceneViewState":{"showFog":true,"showMaterialUpdate":false,"showSkybox":true,"showFlares":true,"showImageEffects":true,"showParticleSystems":true},"in2DMode":false,"pivot":{"x":-19.445980072021486,"y":-40.12542724609375,"z":-3.4386329650878908},"rotation":{"x":-0.2923142611980438,"y":0.5433860421180725,"z":-0.20939147472381593,"w":-0.7585771679878235},"size":74.80931854248047,"orthographic":false}