{"cameraMode":{"drawMode":0,"name":"Shaded","section":"Shading Mode"},"sceneLighting":true,"audioPlay":false,"sceneViewState":{"showFog":true,"showMaterialUpdate":false,"showSkybox":true,"showFlares":true,"showImageEffects":true,"showParticleSystems":true},"in2DMode":false,"pivot":{"x":-34.192909240722659,"y":1.0005443096160889,"z":6.715458393096924},"rotation":{"x":0.012934462167322636,"y":-0.7076187133789063,"z":0.012957538478076458,"w":0.7063572406768799},"size":3.5234358310699465,"orthographic":false}