{"cameraMode":{"drawMode":0,"name":"Shaded","section":"Shading Mode"},"sceneLighting":true,"audioPlay":false,"sceneViewState":{"showFog":true,"showMaterialUpdate":false,"showSkybox":true,"showFlares":true,"showImageEffects":true,"showParticleSystems":true},"in2DMode":false,"pivot":{"x":547.8782348632813,"y":-162.3657684326172,"z":714.79345703125},"rotation":{"x":-0.08985064923763275,"y":-0.31353428959846499,"z":0.02981562167406082,"w":-0.9448461532592773},"size":1249.5211181640625,"orthographic":false}