{"cameraMode":{"drawMode":0,"name":"Shaded","section":"Shading Mode"},"sceneLighting":true,"audioPlay":false,"sceneViewState":{"showFog":true,"showMaterialUpdate":false,"showSkybox":true,"showFlares":true,"showImageEffects":true,"showParticleSystems":true},"in2DMode":false,"pivot":{"x":66.05525207519531,"y":78.18973541259766,"z":14.45435905456543},"rotation":{"x":-0.06782732903957367,"y":0.8785028457641602,"z":0.13114714622497559,"w":0.4543485939502716},"size":158.95260620117188,"orthographic":false}