{"cameraMode":{"drawMode":0,"name":"Shaded","section":"Shading Mode"},"sceneLighting":true,"audioPlay":false,"sceneViewState":{"showFog":true,"showMaterialUpdate":false,"showSkybox":true,"showFlares":true,"showImageEffects":true,"showParticleSystems":true},"in2DMode":false,"pivot":{"x":-1495.72607421875,"y":349.9913330078125,"z":-60.45013427734375},"rotation":{"x":0.02841721475124359,"y":0.9233075976371765,"z":-0.06966610997915268,"w":0.37661948800086977},"size":965.7764282226563,"orthographic":false}