{"cameraMode":{"drawMode":0,"name":"Shaded","section":"Shading Mode"},"sceneLighting":true,"audioPlay":false,"sceneViewState":{"showFog":true,"showMaterialUpdate":false,"showSkybox":true,"showFlares":true,"showImageEffects":true,"showParticleSystems":true},"in2DMode":false,"pivot":{"x":41.111812591552737,"y":12.819002151489258,"z":19.161426544189454},"rotation":{"x":-0.0034724604338407518,"y":0.9321029782295227,"z":0.008939500898122788,"w":0.362066388130188},"size":310.7204284667969,"orthographic":false}