{"cameraMode":{"drawMode":0,"name":"Shaded","section":"Shading Mode"},"sceneLighting":true,"audioPlay":false,"sceneViewState":{"showFog":true,"showMaterialUpdate":false,"showSkybox":true,"showFlares":true,"showImageEffects":true,"showParticleSystems":true},"in2DMode":false,"pivot":{"x":256.54254150390627,"y":137.74942016601563,"z":281.1298828125},"rotation":{"x":0.09102170914411545,"y":0.03046455979347229,"z":0.002785946475341916,"w":-0.9953789710998535},"size":1116.9232177734375,"orthographic":false}