{"cameraMode":{"drawMode":24,"name":"Light Overlap","section":"Baked Global Illumination"},"sceneLighting":true,"audioPlay":false,"sceneViewState":{"showFog":false,"showMaterialUpdate":false,"showSkybox":false,"showFlares":false,"showImageEffects":false,"showParticleSystems":false},"in2DMode":false,"pivot":{"x":361.5425720214844,"y":121.91083526611328,"z":354.6878356933594},"rotation":{"x":0.08717522770166397,"y":-0.0239116121083498,"z":0.0020931833423674108,"w":0.9959037899971008},"size":865.7507934570313,"orthographic":false}